x,y,pci,
0,0,37,
1,0,37,
2,0,37,
3,0,37,
4,0,37,
5,0,37,
6,0,37,
7,0,37,
8,0,37,
9,0,37,
10,0,37,
11,0,38,
12,0,38,
13,0,37,
14,0,37,
15,0,37,
16,0,37,
17,0,37,
18,0,37,
19,0,37,
20,0,37,
21,0,37,
22,0,37,
23,0,37,
24,0,37,
25,0,37,
26,0,38,
27,0,38,
28,0,38,
29,0,38,
30,0,38,
31,0,38,
32,0,38,
33,0,38,
34,0,38,
35,0,38,
36,0,38,
37,0,38,
38,0,38,
39,0,38,
40,0,38,
41,0,38,
42,0,38,
43,0,38,
44,0,38,
45,0,38,
46,0,38,
47,0,38,
48,0,38,
49,0,38,
50,0,38,
51,0,38,
52,0,39,
53,0,39,
54,0,39,
55,0,39,
56,0,39,
57,0,39,
58,0,39,
59,0,39,
60,0,39,
61,0,39,
62,0,39,
63,0,39,
64,0,39,
65,0,39,
66,0,39,
67,0,39,
68,0,39,
69,0,39,
70,0,39,
71,0,39,
72,0,39,
73,0,39,
74,0,40,
75,0,40,
76,0,40,
77,0,40,
78,0,40,
79,0,40,
80,0,40,
81,0,40,
82,0,40,
83,0,40,
84,0,40,
85,0,40,
86,0,40,
87,0,41,
88,0,41,
89,0,41,
90,0,41,
91,0,41,
92,0,41,
93,0,41,
94,0,42,
95,0,42,
96,0,42,
97,0,42,
98,0,42,
99,0,42,
100,0,42,
101,0,42,
102,0,42,
103,0,42,
0,1,37,
1,1,37,
2,1,37,
3,1,37,
4,1,37,
5,1,37,
6,1,37,
7,1,37,
8,1,37,
9,1,37,
10,1,37,
11,1,38,
12,1,38,
13,1,37,
14,1,37,
15,1,37,
16,1,37,
17,1,37,
18,1,37,
19,1,37,
20,1,37,
21,1,37,
22,1,37,
23,1,37,
24,1,37,
25,1,37,
26,1,38,
27,1,38,
28,1,38,
29,1,38,
30,1,38,
31,1,38,
32,1,38,
33,1,38,
34,1,38,
35,1,38,
36,1,38,
37,1,38,
38,1,38,
39,1,38,
40,1,38,
41,1,38,
42,1,38,
43,1,38,
44,1,38,
45,1,38,
46,1,38,
47,1,38,
48,1,38,
49,1,38,
50,1,38,
51,1,38,
52,1,39,
53,1,39,
54,1,39,
55,1,39,
56,1,39,
57,1,39,
58,1,39,
59,1,39,
60,1,39,
61,1,39,
62,1,39,
63,1,39,
64,1,39,
65,1,39,
66,1,39,
67,1,39,
68,1,39,
69,1,39,
70,1,39,
71,1,39,
72,1,39,
73,1,39,
74,1,40,
75,1,40,
76,1,40,
77,1,40,
78,1,40,
79,1,40,
80,1,40,
81,1,40,
82,1,40,
83,1,40,
84,1,40,
85,1,40,
86,1,40,
87,1,41,
88,1,41,
89,1,41,
90,1,41,
91,1,41,
92,1,41,
93,1,41,
94,1,42,
95,1,42,
96,1,42,
97,1,42,
98,1,42,
99,1,42,
100,1,42,
101,1,42,
102,1,42,
103,1,42,
0,2,37,
1,2,37,
2,2,37,
3,2,37,
4,2,37,
5,2,37,
6,2,37,
7,2,37,
8,2,37,
9,2,37,
10,2,37,
11,2,38,
12,2,38,
13,2,37,
14,2,37,
15,2,37,
16,2,37,
17,2,37,
18,2,37,
19,2,37,
20,2,37,
21,2,37,
22,2,37,
23,2,37,
24,2,37,
25,2,37,
26,2,38,
27,2,38,
28,2,38,
29,2,38,
30,2,38,
31,2,38,
32,2,38,
33,2,38,
34,2,38,
35,2,38,
36,2,38,
37,2,38,
38,2,38,
39,2,38,
40,2,38,
41,2,38,
42,2,38,
43,2,38,
44,2,38,
45,2,38,
46,2,38,
47,2,38,
48,2,38,
49,2,38,
50,2,38,
51,2,38,
52,2,39,
53,2,39,
54,2,39,
55,2,39,
56,2,39,
57,2,39,
58,2,39,
59,2,39,
60,2,39,
61,2,39,
62,2,39,
63,2,39,
64,2,39,
65,2,39,
66,2,39,
67,2,39,
68,2,39,
69,2,39,
70,2,39,
71,2,39,
72,2,39,
73,2,39,
74,2,40,
75,2,40,
76,2,40,
77,2,40,
78,2,40,
79,2,40,
80,2,40,
81,2,40,
82,2,40,
83,2,40,
84,2,40,
85,2,40,
86,2,40,
87,2,41,
88,2,41,
89,2,41,
90,2,41,
91,2,41,
92,2,41,
93,2,41,
94,2,42,
95,2,42,
96,2,42,
97,2,42,
98,2,42,
99,2,42,
100,2,42,
101,2,42,
102,2,42,
103,2,42,
0,3,37,
1,3,37,
2,3,37,
3,3,37,
4,3,37,
5,3,37,
6,3,37,
7,3,37,
8,3,37,
9,3,37,
10,3,37,
11,3,38,
12,3,38,
13,3,37,
14,3,37,
15,3,37,
16,3,37,
17,3,37,
18,3,37,
19,3,37,
20,3,37,
21,3,37,
22,3,37,
23,3,37,
24,3,37,
25,3,37,
26,3,38,
27,3,38,
28,3,38,
29,3,38,
30,3,38,
31,3,38,
32,3,38,
33,3,38,
34,3,38,
35,3,38,
36,3,38,
37,3,38,
38,3,38,
39,3,38,
40,3,38,
41,3,38,
42,3,38,
43,3,38,
44,3,38,
45,3,38,
46,3,38,
47,3,38,
48,3,38,
49,3,38,
50,3,38,
51,3,38,
52,3,39,
53,3,39,
54,3,39,
55,3,39,
56,3,39,
57,3,39,
58,3,39,
59,3,39,
60,3,39,
61,3,39,
62,3,39,
63,3,39,
64,3,39,
65,3,39,
66,3,39,
67,3,39,
68,3,39,
69,3,39,
70,3,39,
71,3,39,
72,3,39,
73,3,39,
74,3,40,
75,3,40,
76,3,40,
77,3,40,
78,3,40,
79,3,40,
80,3,40,
81,3,40,
82,3,40,
83,3,40,
84,3,40,
85,3,40,
86,3,40,
87,3,41,
88,3,41,
89,3,41,
90,3,41,
91,3,41,
92,3,41,
93,3,41,
94,3,42,
95,3,42,
96,3,42,
97,3,42,
98,3,42,
99,3,42,
100,3,42,
101,3,42,
102,3,42,
103,3,42,
0,4,37,
1,4,37,
2,4,37,
3,4,37,
4,4,37,
5,4,37,
6,4,37,
7,4,37,
8,4,37,
9,4,37,
10,4,37,
11,4,38,
12,4,38,
13,4,37,
14,4,37,
15,4,37,
16,4,37,
17,4,37,
18,4,37,
19,4,37,
20,4,37,
21,4,37,
22,4,37,
23,4,37,
24,4,37,
25,4,37,
26,4,38,
27,4,38,
28,4,38,
29,4,38,
30,4,38,
31,4,38,
32,4,38,
33,4,38,
34,4,38,
35,4,38,
36,4,38,
37,4,38,
38,4,38,
39,4,38,
40,4,38,
41,4,38,
42,4,38,
43,4,38,
44,4,38,
45,4,38,
46,4,38,
47,4,38,
48,4,38,
49,4,38,
50,4,38,
51,4,38,
52,4,39,
53,4,39,
54,4,39,
55,4,39,
56,4,39,
57,4,39,
58,4,39,
59,4,39,
60,4,39,
61,4,39,
62,4,39,
63,4,39,
64,4,39,
65,4,39,
66,4,39,
67,4,39,
68,4,39,
69,4,39,
70,4,39,
71,4,39,
72,4,39,
73,4,39,
74,4,40,
75,4,40,
76,4,40,
77,4,40,
78,4,40,
79,4,40,
80,4,40,
81,4,40,
82,4,40,
83,4,40,
84,4,40,
85,4,40,
86,4,40,
87,4,41,
88,4,41,
89,4,41,
90,4,41,
91,4,41,
92,4,41,
93,4,41,
94,4,42,
95,4,42,
96,4,42,
97,4,42,
98,4,42,
99,4,42,
100,4,42,
101,4,42,
102,4,42,
103,4,42,
0,5,37,
1,5,37,
2,5,37,
3,5,37,
4,5,37,
5,5,37,
6,5,37,
7,5,37,
8,5,37,
9,5,37,
10,5,37,
11,5,38,
12,5,38,
13,5,37,
14,5,37,
15,5,37,
16,5,37,
17,5,37,
18,5,37,
19,5,37,
20,5,37,
21,5,37,
22,5,37,
23,5,37,
24,5,37,
25,5,37,
26,5,38,
27,5,38,
28,5,38,
29,5,38,
30,5,38,
31,5,38,
32,5,38,
33,5,38,
34,5,38,
35,5,38,
36,5,38,
37,5,38,
38,5,38,
39,5,38,
40,5,38,
41,5,38,
42,5,38,
43,5,38,
44,5,38,
45,5,38,
46,5,38,
47,5,38,
48,5,38,
49,5,38,
50,5,38,
51,5,38,
52,5,39,
53,5,39,
54,5,39,
55,5,39,
56,5,39,
57,5,39,
58,5,39,
59,5,39,
60,5,39,
61,5,39,
62,5,39,
63,5,39,
64,5,39,
65,5,39,
66,5,39,
67,5,39,
68,5,39,
69,5,39,
70,5,39,
71,5,39,
72,5,39,
73,5,39,
74,5,40,
75,5,40,
76,5,40,
77,5,40,
78,5,40,
79,5,40,
80,5,40,
81,5,40,
82,5,40,
83,5,40,
84,5,40,
85,5,40,
86,5,40,
87,5,41,
88,5,41,
89,5,41,
90,5,41,
91,5,41,
92,5,41,
93,5,41,
94,5,42,
95,5,42,
96,5,42,
97,5,42,
98,5,42,
99,5,42,
100,5,42,
101,5,42,
102,5,42,
103,5,42,
0,6,37,
1,6,37,
2,6,37,
3,6,37,
4,6,37,
5,6,37,
6,6,37,
7,6,37,
8,6,37,
9,6,37,
10,6,37,
11,6,38,
12,6,38,
13,6,37,
14,6,37,
15,6,37,
16,6,37,
17,6,37,
18,6,37,
19,6,37,
20,6,37,
21,6,37,
22,6,37,
23,6,37,
24,6,37,
25,6,37,
26,6,38,
27,6,38,
28,6,38,
29,6,38,
30,6,38,
31,6,38,
32,6,38,
33,6,38,
34,6,38,
35,6,38,
36,6,38,
37,6,38,
38,6,38,
39,6,38,
40,6,38,
41,6,38,
42,6,38,
43,6,38,
44,6,38,
45,6,38,
46,6,38,
47,6,38,
48,6,38,
49,6,38,
50,6,38,
51,6,38,
52,6,39,
53,6,39,
54,6,39,
55,6,39,
56,6,39,
57,6,39,
58,6,39,
59,6,39,
60,6,39,
61,6,39,
62,6,39,
63,6,39,
64,6,39,
65,6,39,
66,6,39,
67,6,39,
68,6,39,
69,6,39,
70,6,39,
71,6,39,
72,6,39,
73,6,39,
74,6,40,
75,6,40,
76,6,40,
77,6,40,
78,6,40,
79,6,40,
80,6,40,
81,6,40,
82,6,40,
83,6,40,
84,6,40,
85,6,40,
86,6,40,
87,6,41,
88,6,41,
89,6,41,
90,6,41,
91,6,41,
92,6,41,
93,6,41,
94,6,42,
95,6,42,
96,6,42,
97,6,42,
98,6,42,
99,6,42,
100,6,42,
101,6,42,
102,6,42,
103,6,42,
0,7,37,
1,7,37,
2,7,37,
3,7,37,
4,7,37,
5,7,37,
6,7,37,
7,7,37,
8,7,37,
9,7,37,
10,7,37,
11,7,38,
12,7,38,
13,7,37,
14,7,37,
15,7,37,
16,7,37,
17,7,37,
18,7,37,
19,7,37,
20,7,37,
21,7,37,
22,7,37,
23,7,37,
24,7,37,
25,7,37,
26,7,38,
27,7,38,
28,7,38,
29,7,38,
30,7,38,
31,7,38,
32,7,38,
33,7,38,
34,7,38,
35,7,38,
36,7,38,
37,7,38,
38,7,38,
39,7,38,
40,7,38,
41,7,38,
42,7,38,
43,7,38,
44,7,38,
45,7,38,
46,7,38,
47,7,38,
48,7,38,
49,7,38,
50,7,38,
51,7,38,
52,7,39,
53,7,39,
54,7,39,
55,7,39,
56,7,39,
57,7,39,
58,7,39,
59,7,39,
60,7,39,
61,7,39,
62,7,39,
63,7,39,
64,7,39,
65,7,39,
66,7,39,
67,7,39,
68,7,39,
69,7,39,
70,7,39,
71,7,39,
72,7,39,
73,7,39,
74,7,38,
75,7,38,
76,7,41,
77,7,41,
78,7,41,
79,7,41,
80,7,41,
81,7,41,
82,7,41,
83,7,41,
84,7,41,
85,7,41,
86,7,41,
87,7,41,
88,7,41,
89,7,41,
90,7,41,
91,7,41,
92,7,41,
93,7,41,
94,7,42,
95,7,42,
96,7,42,
97,7,42,
98,7,42,
99,7,42,
100,7,42,
101,7,42,
102,7,42,
103,7,42,
0,8,37,
1,8,37,
2,8,37,
3,8,37,
4,8,37,
5,8,37,
6,8,37,
7,8,37,
8,8,37,
9,8,37,
10,8,37,
11,8,38,
12,8,38,
13,8,37,
14,8,37,
15,8,37,
16,8,37,
17,8,37,
18,8,37,
19,8,37,
20,8,37,
21,8,37,
22,8,37,
23,8,37,
24,8,37,
25,8,37,
26,8,38,
27,8,38,
28,8,38,
29,8,38,
30,8,38,
31,8,38,
32,8,38,
33,8,38,
34,8,38,
35,8,38,
36,8,38,
37,8,38,
38,8,38,
39,8,38,
40,8,38,
41,8,38,
42,8,38,
43,8,38,
44,8,38,
45,8,38,
46,8,38,
47,8,38,
48,8,38,
49,8,38,
50,8,38,
51,8,38,
52,8,39,
53,8,39,
54,8,39,
55,8,39,
56,8,39,
57,8,39,
58,8,39,
59,8,39,
60,8,39,
61,8,39,
62,8,39,
63,8,39,
64,8,39,
65,8,39,
66,8,39,
67,8,39,
68,8,39,
69,8,39,
70,8,39,
71,8,39,
72,8,39,
73,8,39,
74,8,38,
75,8,38,
76,8,41,
77,8,41,
78,8,41,
79,8,41,
80,8,41,
81,8,41,
82,8,41,
83,8,41,
84,8,41,
85,8,41,
86,8,41,
87,8,41,
88,8,41,
89,8,41,
90,8,41,
91,8,41,
92,8,41,
93,8,41,
94,8,42,
95,8,42,
96,8,42,
97,8,42,
98,8,42,
99,8,42,
100,8,42,
101,8,42,
102,8,42,
103,8,42,
0,9,37,
1,9,37,
2,9,37,
3,9,37,
4,9,37,
5,9,37,
6,9,37,
7,9,37,
8,9,37,
9,9,37,
10,9,37,
11,9,38,
12,9,38,
13,9,37,
14,9,37,
15,9,37,
16,9,37,
17,9,37,
18,9,37,
19,9,37,
20,9,37,
21,9,37,
22,9,37,
23,9,37,
24,9,37,
25,9,37,
26,9,38,
27,9,38,
28,9,38,
29,9,38,
30,9,38,
31,9,38,
32,9,38,
33,9,38,
34,9,38,
35,9,38,
36,9,38,
37,9,38,
38,9,38,
39,9,38,
40,9,38,
41,9,38,
42,9,38,
43,9,38,
44,9,38,
45,9,38,
46,9,38,
47,9,38,
48,9,38,
49,9,38,
50,9,38,
51,9,38,
52,9,39,
53,9,39,
54,9,39,
55,9,39,
56,9,39,
57,9,39,
58,9,39,
59,9,39,
60,9,39,
61,9,39,
62,9,39,
63,9,39,
64,9,39,
65,9,39,
66,9,39,
67,9,39,
68,9,39,
69,9,39,
70,9,39,
71,9,39,
72,9,39,
73,9,39,
74,9,38,
75,9,38,
76,9,41,
77,9,41,
78,9,41,
79,9,41,
80,9,41,
81,9,41,
82,9,41,
83,9,41,
84,9,41,
85,9,41,
86,9,41,
87,9,41,
88,9,41,
89,9,41,
90,9,41,
91,9,41,
92,9,41,
93,9,41,
94,9,42,
95,9,42,
96,9,42,
97,9,42,
98,9,42,
99,9,42,
100,9,42,
101,9,42,
102,9,42,
103,9,42,
0,10,37,
1,10,37,
2,10,37,
3,10,37,
4,10,37,
5,10,37,
6,10,37,
7,10,37,
8,10,37,
9,10,37,
10,10,37,
11,10,38,
12,10,38,
13,10,37,
14,10,37,
15,10,37,
16,10,37,
17,10,37,
18,10,37,
19,10,37,
20,10,37,
21,10,37,
22,10,37,
23,10,37,
24,10,37,
25,10,37,
26,10,38,
27,10,38,
28,10,38,
29,10,38,
30,10,38,
31,10,38,
32,10,38,
33,10,38,
34,10,38,
35,10,38,
36,10,38,
37,10,38,
38,10,38,
39,10,38,
40,10,38,
41,10,38,
42,10,38,
43,10,38,
44,10,38,
45,10,38,
46,10,38,
47,10,38,
48,10,38,
49,10,38,
50,10,38,
51,10,38,
52,10,39,
53,10,39,
54,10,39,
55,10,39,
56,10,39,
57,10,39,
58,10,39,
59,10,39,
60,10,39,
61,10,39,
62,10,39,
63,10,39,
64,10,39,
65,10,39,
66,10,39,
67,10,39,
68,10,39,
69,10,39,
70,10,39,
71,10,39,
72,10,39,
73,10,39,
74,10,38,
75,10,38,
76,10,41,
77,10,41,
78,10,41,
79,10,41,
80,10,41,
81,10,41,
82,10,41,
83,10,41,
84,10,41,
85,10,41,
86,10,41,
87,10,41,
88,10,41,
89,10,41,
90,10,41,
91,10,41,
92,10,41,
93,10,41,
94,10,42,
95,10,42,
96,10,42,
97,10,42,
98,10,42,
99,10,42,
100,10,42,
101,10,42,
102,10,42,
103,10,42,
0,11,37,
1,11,37,
2,11,37,
3,11,37,
4,11,37,
5,11,37,
6,11,37,
7,11,37,
8,11,37,
9,11,37,
10,11,37,
11,11,38,
12,11,38,
13,11,37,
14,11,37,
15,11,37,
16,11,37,
17,11,37,
18,11,37,
19,11,37,
20,11,37,
21,11,37,
22,11,37,
23,11,37,
24,11,37,
25,11,37,
26,11,38,
27,11,38,
28,11,38,
29,11,38,
30,11,38,
31,11,38,
32,11,38,
33,11,38,
34,11,38,
35,11,38,
36,11,38,
37,11,38,
38,11,38,
39,11,38,
40,11,38,
41,11,38,
42,11,38,
43,11,38,
44,11,38,
45,11,38,
46,11,38,
47,11,38,
48,11,38,
49,11,38,
50,11,38,
51,11,38,
52,11,39,
53,11,39,
54,11,39,
55,11,39,
56,11,39,
57,11,39,
58,11,39,
59,11,39,
60,11,39,
61,11,39,
62,11,39,
63,11,39,
64,11,39,
65,11,39,
66,11,39,
67,11,39,
68,11,39,
69,11,39,
70,11,39,
71,11,39,
72,11,39,
73,11,39,
74,11,38,
75,11,38,
76,11,41,
77,11,41,
78,11,41,
79,11,41,
80,11,41,
81,11,41,
82,11,41,
83,11,41,
84,11,41,
85,11,41,
86,11,41,
87,11,41,
88,11,41,
89,11,41,
90,11,41,
91,11,41,
92,11,41,
93,11,41,
94,11,42,
95,11,42,
96,11,42,
97,11,42,
98,11,42,
99,11,42,
100,11,42,
101,11,42,
102,11,42,
103,11,42,
0,12,37,
1,12,37,
2,12,37,
3,12,37,
4,12,37,
5,12,37,
6,12,37,
7,12,37,
8,12,37,
9,12,37,
10,12,37,
11,12,38,
12,12,38,
13,12,37,
14,12,37,
15,12,37,
16,12,37,
17,12,37,
18,12,37,
19,12,37,
20,12,37,
21,12,37,
22,12,37,
23,12,37,
24,12,37,
25,12,37,
26,12,38,
27,12,38,
28,12,38,
29,12,38,
30,12,38,
31,12,38,
32,12,38,
33,12,38,
34,12,38,
35,12,38,
36,12,38,
37,12,38,
38,12,38,
39,12,38,
40,12,38,
41,12,38,
42,12,38,
43,12,38,
44,12,38,
45,12,38,
46,12,38,
47,12,38,
48,12,38,
49,12,38,
50,12,38,
51,12,38,
52,12,39,
53,12,39,
54,12,39,
55,12,39,
56,12,39,
57,12,39,
58,12,39,
59,12,39,
60,12,39,
61,12,39,
62,12,39,
63,12,39,
64,12,39,
65,12,39,
66,12,39,
67,12,39,
68,12,39,
69,12,39,
70,12,39,
71,12,39,
72,12,39,
73,12,39,
74,12,38,
75,12,38,
76,12,41,
77,12,41,
78,12,41,
79,12,41,
80,12,41,
81,12,41,
82,12,41,
83,12,41,
84,12,41,
85,12,41,
86,12,41,
87,12,41,
88,12,41,
89,12,41,
90,12,41,
91,12,41,
92,12,41,
93,12,41,
94,12,42,
95,12,42,
96,12,42,
97,12,42,
98,12,42,
99,12,42,
100,12,42,
101,12,42,
102,12,42,
103,12,42,
0,13,38,
1,13,38,
2,13,38,
3,13,38,
4,13,38,
5,13,38,
6,13,38,
7,13,38,
8,13,38,
9,13,38,
10,13,38,
11,13,38,
12,13,38,
13,13,37,
14,13,37,
15,13,37,
16,13,37,
17,13,37,
18,13,37,
19,13,37,
20,13,37,
21,13,37,
22,13,37,
23,13,37,
24,13,37,
25,13,37,
26,13,38,
27,13,38,
28,13,38,
29,13,38,
30,13,38,
31,13,38,
32,13,38,
33,13,38,
34,13,38,
35,13,38,
36,13,38,
37,13,38,
38,13,38,
39,13,38,
40,13,38,
41,13,38,
42,13,38,
43,13,38,
44,13,38,
45,13,38,
46,13,38,
47,13,38,
48,13,38,
49,13,38,
50,13,38,
51,13,38,
52,13,38,
53,13,38,
54,13,38,
55,13,38,
56,13,38,
57,13,38,
58,13,38,
59,13,38,
60,13,38,
61,13,38,
62,13,38,
63,13,38,
64,13,38,
65,13,38,
66,13,38,
67,13,38,
68,13,38,
69,13,38,
70,13,41,
71,13,39,
72,13,39,
73,13,39,
74,13,39,
75,13,38,
76,13,41,
77,13,41,
78,13,41,
79,13,41,
80,13,41,
81,13,41,
82,13,41,
83,13,41,
84,13,41,
85,13,41,
86,13,41,
87,13,41,
88,13,41,
89,13,41,
90,13,41,
91,13,41,
92,13,41,
93,13,41,
94,13,42,
95,13,42,
96,13,42,
97,13,42,
98,13,42,
99,13,42,
100,13,42,
101,13,42,
102,13,42,
103,13,42,
0,14,37,
1,14,37,
2,14,37,
3,14,37,
4,14,37,
5,14,37,
6,14,37,
7,14,37,
8,14,37,
9,14,37,
10,14,37,
11,14,154,
12,14,154,
13,14,37,
14,14,37,
15,14,37,
16,14,37,
17,14,37,
18,14,37,
19,14,37,
20,14,37,
21,14,37,
22,14,37,
23,14,37,
24,14,37,
25,14,37,
26,14,37,
27,14,37,
28,14,37,
29,14,37,
30,14,37,
31,14,37,
32,14,37,
33,14,37,
34,14,37,
35,14,37,
36,14,37,
37,14,38,
38,14,38,
39,14,38,
40,14,38,
41,14,38,
42,14,38,
43,14,38,
44,14,38,
45,14,38,
46,14,38,
47,14,38,
48,14,38,
49,14,38,
50,14,38,
51,14,38,
52,14,38,
53,14,38,
54,14,38,
55,14,38,
56,14,38,
57,14,38,
58,14,38,
59,14,38,
60,14,38,
61,14,38,
62,14,38,
63,14,38,
64,14,38,
65,14,38,
66,14,38,
67,14,38,
68,14,38,
69,14,38,
70,14,41,
71,14,39,
72,14,39,
73,14,39,
74,14,39,
75,14,38,
76,14,41,
77,14,41,
78,14,41,
79,14,41,
80,14,41,
81,14,41,
82,14,41,
83,14,41,
84,14,41,
85,14,41,
86,14,41,
87,14,41,
88,14,41,
89,14,41,
90,14,41,
91,14,41,
92,14,41,
93,14,41,
94,14,42,
95,14,42,
96,14,42,
97,14,42,
98,14,42,
99,14,42,
100,14,42,
101,14,42,
102,14,42,
103,14,42,
0,15,38,
1,15,38,
2,15,38,
3,15,38,
4,15,38,
5,15,38,
6,15,38,
7,15,38,
8,15,38,
9,15,38,
10,15,38,
11,15,38,
12,15,38,
13,15,37,
14,15,37,
15,15,37,
16,15,37,
17,15,37,
18,15,37,
19,15,37,
20,15,37,
21,15,37,
22,15,37,
23,15,37,
24,15,37,
25,15,37,
26,15,37,
27,15,37,
28,15,37,
29,15,37,
30,15,37,
31,15,37,
32,15,37,
33,15,37,
34,15,37,
35,15,37,
36,15,37,
37,15,38,
38,15,38,
39,15,38,
40,15,38,
41,15,38,
42,15,38,
43,15,38,
44,15,38,
45,15,38,
46,15,38,
47,15,38,
48,15,38,
49,15,38,
50,15,38,
51,15,38,
52,15,38,
53,15,38,
54,15,38,
55,15,38,
56,15,38,
57,15,38,
58,15,38,
59,15,38,
60,15,38,
61,15,38,
62,15,38,
63,15,38,
64,15,38,
65,15,38,
66,15,38,
67,15,38,
68,15,38,
69,15,38,
70,15,41,
71,15,39,
72,15,39,
73,15,39,
74,15,39,
75,15,38,
76,15,41,
77,15,41,
78,15,41,
79,15,41,
80,15,41,
81,15,41,
82,15,41,
83,15,41,
84,15,41,
85,15,41,
86,15,41,
87,15,41,
88,15,41,
89,15,41,
90,15,41,
91,15,41,
92,15,41,
93,15,41,
94,15,42,
95,15,42,
96,15,42,
97,15,42,
98,15,42,
99,15,42,
100,15,42,
101,15,42,
102,15,42,
103,15,42,
0,16,38,
1,16,38,
2,16,38,
3,16,38,
4,16,38,
5,16,38,
6,16,38,
7,16,38,
8,16,38,
9,16,38,
10,16,38,
11,16,38,
12,16,38,
13,16,37,
14,16,37,
15,16,37,
16,16,37,
17,16,37,
18,16,37,
19,16,37,
20,16,37,
21,16,37,
22,16,37,
23,16,37,
24,16,37,
25,16,37,
26,16,37,
27,16,37,
28,16,37,
29,16,37,
30,16,37,
31,16,37,
32,16,37,
33,16,37,
34,16,37,
35,16,37,
36,16,37,
37,16,38,
38,16,38,
39,16,38,
40,16,38,
41,16,38,
42,16,38,
43,16,38,
44,16,38,
45,16,38,
46,16,38,
47,16,38,
48,16,38,
49,16,38,
50,16,38,
51,16,38,
52,16,38,
53,16,38,
54,16,38,
55,16,38,
56,16,38,
57,16,38,
58,16,38,
59,16,38,
60,16,38,
61,16,38,
62,16,38,
63,16,38,
64,16,38,
65,16,38,
66,16,38,
67,16,38,
68,16,38,
69,16,38,
70,16,41,
71,16,39,
72,16,39,
73,16,39,
74,16,39,
75,16,38,
76,16,41,
77,16,41,
78,16,41,
79,16,41,
80,16,41,
81,16,41,
82,16,41,
83,16,41,
84,16,41,
85,16,41,
86,16,41,
87,16,41,
88,16,41,
89,16,41,
90,16,41,
91,16,41,
92,16,41,
93,16,41,
94,16,42,
95,16,42,
96,16,42,
97,16,42,
98,16,42,
99,16,42,
100,16,42,
101,16,42,
102,16,42,
103,16,42,
0,17,38,
1,17,38,
2,17,38,
3,17,38,
4,17,38,
5,17,38,
6,17,38,
7,17,38,
8,17,38,
9,17,38,
10,17,38,
11,17,38,
12,17,38,
13,17,37,
14,17,37,
15,17,37,
16,17,37,
17,17,37,
18,17,37,
19,17,37,
20,17,37,
21,17,37,
22,17,37,
23,17,37,
24,17,37,
25,17,37,
26,17,37,
27,17,37,
28,17,37,
29,17,37,
30,17,37,
31,17,37,
32,17,37,
33,17,37,
34,17,37,
35,17,37,
36,17,37,
37,17,38,
38,17,38,
39,17,38,
40,17,38,
41,17,38,
42,17,38,
43,17,38,
44,17,38,
45,17,38,
46,17,38,
47,17,38,
48,17,38,
49,17,38,
50,17,38,
51,17,38,
52,17,38,
53,17,38,
54,17,38,
55,17,38,
56,17,38,
57,17,38,
58,17,38,
59,17,38,
60,17,38,
61,17,38,
62,17,38,
63,17,38,
64,17,38,
65,17,38,
66,17,38,
67,17,38,
68,17,38,
69,17,38,
70,17,41,
71,17,39,
72,17,39,
73,17,39,
74,17,39,
75,17,38,
76,17,41,
77,17,41,
78,17,41,
79,17,41,
80,17,41,
81,17,41,
82,17,41,
83,17,41,
84,17,41,
85,17,41,
86,17,41,
87,17,41,
88,17,41,
89,17,41,
90,17,41,
91,17,41,
92,17,41,
93,17,41,
94,17,42,
95,17,42,
96,17,42,
97,17,42,
98,17,42,
99,17,42,
100,17,42,
101,17,42,
102,17,42,
103,17,42,
0,18,38,
1,18,38,
2,18,38,
3,18,38,
4,18,38,
5,18,38,
6,18,38,
7,18,38,
8,18,38,
9,18,38,
10,18,38,
11,18,38,
12,18,38,
13,18,37,
14,18,37,
15,18,37,
16,18,37,
17,18,37,
18,18,37,
19,18,37,
20,18,37,
21,18,37,
22,18,37,
23,18,37,
24,18,37,
25,18,37,
26,18,37,
27,18,37,
28,18,37,
29,18,37,
30,18,37,
31,18,37,
32,18,37,
33,18,37,
34,18,37,
35,18,37,
36,18,37,
37,18,38,
38,18,38,
39,18,38,
40,18,38,
41,18,38,
42,18,38,
43,18,38,
44,18,38,
45,18,38,
46,18,38,
47,18,38,
48,18,38,
49,18,38,
50,18,38,
51,18,38,
52,18,38,
53,18,38,
54,18,38,
55,18,38,
56,18,38,
57,18,38,
58,18,38,
59,18,38,
60,18,38,
61,18,38,
62,18,38,
63,18,38,
64,18,38,
65,18,38,
66,18,38,
67,18,38,
68,18,38,
69,18,38,
70,18,41,
71,18,39,
72,18,39,
73,18,39,
74,18,39,
75,18,38,
76,18,41,
77,18,41,
78,18,41,
79,18,41,
80,18,41,
81,18,41,
82,18,41,
83,18,41,
84,18,41,
85,18,41,
86,18,41,
87,18,41,
88,18,41,
89,18,41,
90,18,41,
91,18,41,
92,18,41,
93,18,41,
94,18,42,
95,18,42,
96,18,42,
97,18,42,
98,18,42,
99,18,42,
100,18,42,
101,18,42,
102,18,42,
103,18,42,
0,19,38,
1,19,38,
2,19,38,
3,19,38,
4,19,38,
5,19,38,
6,19,38,
7,19,38,
8,19,38,
9,19,38,
10,19,38,
11,19,38,
12,19,38,
13,19,37,
14,19,37,
15,19,37,
16,19,37,
17,19,37,
18,19,37,
19,19,37,
20,19,37,
21,19,37,
22,19,37,
23,19,37,
24,19,37,
25,19,37,
26,19,37,
27,19,37,
28,19,37,
29,19,37,
30,19,37,
31,19,37,
32,19,37,
33,19,37,
34,19,37,
35,19,37,
36,19,37,
37,19,38,
38,19,38,
39,19,38,
40,19,38,
41,19,38,
42,19,38,
43,19,38,
44,19,38,
45,19,38,
46,19,38,
47,19,38,
48,19,38,
49,19,38,
50,19,38,
51,19,38,
52,19,38,
53,19,38,
54,19,38,
55,19,38,
56,19,38,
57,19,38,
58,19,38,
59,19,38,
60,19,38,
61,19,38,
62,19,38,
63,19,38,
64,19,38,
65,19,38,
66,19,38,
67,19,38,
68,19,38,
69,19,38,
70,19,41,
71,19,39,
72,19,39,
73,19,39,
74,19,39,
75,19,38,
76,19,41,
77,19,41,
78,19,41,
79,19,41,
80,19,41,
81,19,41,
82,19,41,
83,19,41,
84,19,41,
85,19,41,
86,19,41,
87,19,41,
88,19,41,
89,19,41,
90,19,41,
91,19,41,
92,19,41,
93,19,41,
94,19,42,
95,19,42,
96,19,42,
97,19,42,
98,19,42,
99,19,42,
100,19,42,
101,19,42,
102,19,42,
103,19,42,
0,20,38,
1,20,38,
2,20,38,
3,20,38,
4,20,38,
5,20,38,
6,20,38,
7,20,38,
8,20,38,
9,20,38,
10,20,38,
11,20,38,
12,20,38,
13,20,37,
14,20,37,
15,20,37,
16,20,37,
17,20,37,
18,20,37,
19,20,37,
20,20,37,
21,20,37,
22,20,37,
23,20,37,
24,20,37,
25,20,37,
26,20,37,
27,20,37,
28,20,37,
29,20,37,
30,20,37,
31,20,37,
32,20,37,
33,20,37,
34,20,37,
35,20,37,
36,20,37,
37,20,38,
38,20,38,
39,20,38,
40,20,38,
41,20,38,
42,20,38,
43,20,38,
44,20,38,
45,20,38,
46,20,38,
47,20,38,
48,20,38,
49,20,38,
50,20,38,
51,20,38,
52,20,38,
53,20,38,
54,20,38,
55,20,38,
56,20,38,
57,20,38,
58,20,38,
59,20,38,
60,20,38,
61,20,38,
62,20,38,
63,20,38,
64,20,38,
65,20,38,
66,20,38,
67,20,38,
68,20,38,
69,20,38,
70,20,41,
71,20,39,
72,20,39,
73,20,39,
74,20,39,
75,20,38,
76,20,41,
77,20,41,
78,20,41,
79,20,41,
80,20,41,
81,20,41,
82,20,41,
83,20,41,
84,20,41,
85,20,41,
86,20,41,
87,20,41,
88,20,41,
89,20,41,
90,20,41,
91,20,41,
92,20,41,
93,20,41,
94,20,42,
95,20,42,
96,20,42,
97,20,42,
98,20,42,
99,20,42,
100,20,42,
101,20,42,
102,20,42,
103,20,42,
0,21,38,
1,21,38,
2,21,38,
3,21,38,
4,21,38,
5,21,38,
6,21,38,
7,21,38,
8,21,38,
9,21,38,
10,21,38,
11,21,38,
12,21,38,
13,21,37,
14,21,37,
15,21,37,
16,21,37,
17,21,37,
18,21,37,
19,21,37,
20,21,37,
21,21,37,
22,21,37,
23,21,37,
24,21,37,
25,21,37,
26,21,37,
27,21,37,
28,21,37,
29,21,37,
30,21,37,
31,21,37,
32,21,37,
33,21,37,
34,21,37,
35,21,37,
36,21,37,
37,21,38,
38,21,38,
39,21,38,
40,21,38,
41,21,38,
42,21,38,
43,21,38,
44,21,38,
45,21,38,
46,21,38,
47,21,38,
48,21,38,
49,21,38,
50,21,38,
51,21,38,
52,21,38,
53,21,38,
54,21,38,
55,21,38,
56,21,38,
57,21,38,
58,21,38,
59,21,38,
60,21,38,
61,21,38,
62,21,38,
63,21,38,
64,21,38,
65,21,38,
66,21,38,
67,21,38,
68,21,38,
69,21,38,
70,21,38,
71,21,39,
72,21,39,
73,21,39,
74,21,39,
75,21,38,
76,21,41,
77,21,41,
78,21,41,
79,21,41,
80,21,41,
81,21,41,
82,21,41,
83,21,41,
84,21,41,
85,21,41,
86,21,41,
87,21,41,
88,21,41,
89,21,41,
90,21,41,
91,21,41,
92,21,41,
93,21,41,
94,21,42,
95,21,42,
96,21,42,
97,21,42,
98,21,42,
99,21,42,
100,21,42,
101,21,42,
102,21,42,
103,21,42,
0,22,38,
1,22,38,
2,22,38,
3,22,38,
4,22,38,
5,22,38,
6,22,38,
7,22,38,
8,22,38,
9,22,38,
10,22,38,
11,22,38,
12,22,38,
13,22,37,
14,22,37,
15,22,37,
16,22,37,
17,22,37,
18,22,37,
19,22,37,
20,22,37,
21,22,37,
22,22,37,
23,22,37,
24,22,37,
25,22,37,
26,22,37,
27,22,37,
28,22,37,
29,22,37,
30,22,37,
31,22,37,
32,22,37,
33,22,37,
34,22,37,
35,22,37,
36,22,37,
37,22,38,
38,22,38,
39,22,38,
40,22,38,
41,22,38,
42,22,38,
43,22,38,
44,22,38,
45,22,38,
46,22,38,
47,22,38,
48,22,38,
49,22,38,
50,22,38,
51,22,38,
52,22,38,
53,22,38,
54,22,38,
55,22,38,
56,22,38,
57,22,38,
58,22,38,
59,22,38,
60,22,38,
61,22,38,
62,22,38,
63,22,38,
64,22,38,
65,22,38,
66,22,38,
67,22,38,
68,22,38,
69,22,38,
70,22,38,
71,22,39,
72,22,39,
73,22,39,
74,22,39,
75,22,38,
76,22,41,
77,22,41,
78,22,41,
79,22,41,
80,22,41,
81,22,41,
82,22,41,
83,22,41,
84,22,41,
85,22,41,
86,22,41,
87,22,41,
88,22,41,
89,22,41,
90,22,41,
91,22,41,
92,22,41,
93,22,41,
94,22,42,
95,22,42,
96,22,42,
97,22,42,
98,22,42,
99,22,42,
100,22,42,
101,22,42,
102,22,42,
103,22,42,
0,23,38,
1,23,38,
2,23,38,
3,23,38,
4,23,38,
5,23,38,
6,23,38,
7,23,38,
8,23,38,
9,23,38,
10,23,38,
11,23,38,
12,23,38,
13,23,37,
14,23,37,
15,23,37,
16,23,37,
17,23,37,
18,23,37,
19,23,37,
20,23,37,
21,23,37,
22,23,37,
23,23,37,
24,23,37,
25,23,37,
26,23,37,
27,23,37,
28,23,37,
29,23,37,
30,23,37,
31,23,37,
32,23,37,
33,23,37,
34,23,37,
35,23,37,
36,23,37,
37,23,38,
38,23,38,
39,23,38,
40,23,38,
41,23,38,
42,23,38,
43,23,38,
44,23,38,
45,23,38,
46,23,38,
47,23,38,
48,23,38,
49,23,38,
50,23,38,
51,23,38,
52,23,38,
53,23,38,
54,23,38,
55,23,38,
56,23,38,
57,23,38,
58,23,38,
59,23,38,
60,23,38,
61,23,38,
62,23,38,
63,23,38,
64,23,38,
65,23,38,
66,23,38,
67,23,38,
68,23,38,
69,23,38,
70,23,38,
71,23,39,
72,23,39,
73,23,39,
74,23,39,
75,23,38,
76,23,41,
77,23,41,
78,23,41,
79,23,41,
80,23,41,
81,23,41,
82,23,41,
83,23,41,
84,23,41,
85,23,41,
86,23,41,
87,23,41,
88,23,41,
89,23,41,
90,23,41,
91,23,41,
92,23,41,
93,23,41,
94,23,42,
95,23,42,
96,23,42,
97,23,42,
98,23,42,
99,23,42,
100,23,42,
101,23,42,
102,23,42,
103,23,42,
0,24,38,
1,24,38,
2,24,38,
3,24,38,
4,24,38,
5,24,38,
6,24,38,
7,24,38,
8,24,38,
9,24,38,
10,24,38,
11,24,38,
12,24,38,
13,24,37,
14,24,37,
15,24,37,
16,24,37,
17,24,37,
18,24,37,
19,24,37,
20,24,37,
21,24,37,
22,24,37,
23,24,37,
24,24,37,
25,24,37,
26,24,37,
27,24,37,
28,24,37,
29,24,37,
30,24,37,
31,24,37,
32,24,37,
33,24,37,
34,24,37,
35,24,37,
36,24,37,
37,24,38,
38,24,38,
39,24,38,
40,24,38,
41,24,38,
42,24,38,
43,24,38,
44,24,38,
45,24,38,
46,24,38,
47,24,38,
48,24,38,
49,24,38,
50,24,38,
51,24,38,
52,24,38,
53,24,38,
54,24,38,
55,24,38,
56,24,38,
57,24,38,
58,24,38,
59,24,38,
60,24,38,
61,24,38,
62,24,38,
63,24,38,
64,24,38,
65,24,38,
66,24,38,
67,24,38,
68,24,38,
69,24,38,
70,24,38,
71,24,39,
72,24,39,
73,24,39,
74,24,39,
75,24,38,
76,24,41,
77,24,41,
78,24,41,
79,24,41,
80,24,41,
81,24,41,
82,24,41,
83,24,41,
84,24,41,
85,24,41,
86,24,41,
87,24,41,
88,24,41,
89,24,41,
90,24,41,
91,24,41,
92,24,41,
93,24,41,
94,24,42,
95,24,42,
96,24,42,
97,24,42,
98,24,42,
99,24,42,
100,24,42,
101,24,42,
102,24,42,
103,24,42,
0,25,38,
1,25,38,
2,25,38,
3,25,38,
4,25,38,
5,25,38,
6,25,38,
7,25,38,
8,25,38,
9,25,38,
10,25,38,
11,25,38,
12,25,38,
13,25,37,
14,25,37,
15,25,37,
16,25,37,
17,25,37,
18,25,37,
19,25,37,
20,25,37,
21,25,37,
22,25,37,
23,25,37,
24,25,37,
25,25,37,
26,25,37,
27,25,37,
28,25,37,
29,25,37,
30,25,37,
31,25,37,
32,25,37,
33,25,37,
34,25,37,
35,25,37,
36,25,37,
37,25,38,
38,25,38,
39,25,38,
40,25,38,
41,25,38,
42,25,38,
43,25,38,
44,25,38,
45,25,38,
46,25,38,
47,25,38,
48,25,38,
49,25,38,
50,25,38,
51,25,38,
52,25,38,
53,25,38,
54,25,38,
55,25,38,
56,25,38,
57,25,38,
58,25,38,
59,25,38,
60,25,38,
61,25,38,
62,25,38,
63,25,38,
64,25,38,
65,25,38,
66,25,38,
67,25,38,
68,25,38,
69,25,38,
70,25,38,
71,25,39,
72,25,39,
73,25,39,
74,25,39,
75,25,38,
76,25,41,
77,25,41,
78,25,41,
79,25,41,
80,25,41,
81,25,41,
82,25,41,
83,25,41,
84,25,41,
85,25,41,
86,25,41,
87,25,41,
88,25,41,
89,25,41,
90,25,41,
91,25,41,
92,25,41,
93,25,41,
94,25,42,
95,25,42,
96,25,42,
97,25,42,
98,25,42,
99,25,42,
100,25,42,
101,25,42,
102,25,42,
103,25,42,
